snrDb,ber,bler,evmPercent,nmse,capacityBpsHz,nTx,nRx,nLayers
-10,0.33875,1,84.838,1.3886,6.4335,64,8,4
-5,0.19361,1,55.337,0.44021,11.606,64,8,4
0,0.074628,1,33.402,0.14028,17.644,64,8,4
5,0.0089192,1,19.338,0.044204,24.127,64,8,4
10,8.0848e-05,0.85,11.003,0.014092,30.663,64,8,4
15,0,0,6.1461,0.0043446,37.43,64,8,4
20,0,0,3.4929,0.0013992,43.989,64,8,4
