snrDb,ber,bler,evmPercent,nmse,capacityBpsHz
0,0.27393,1,80.191,0.49338,3.606
5,0.15674,1,53.429,0.16203,6.1156
10,0.055113,1,31.9,0.052761,9.1364
15,0.011203,1,19.38,0.018692,12.325
20,0.0012256,0.925,11.494,0.0074763,15.623
25,0.00018727,0.575,7.382,0.0038747,18.961
